[
  {
    "id": 1762938121388,
    "headWord": "wax",
    "pronunciation": "waks",
    "definition": "蜡",
    "sentences": [
      "wax crayons - 蜡笔"
    ],
    "synonyms": [
      "increase",
      "make",
      "waxen"
    ],
    "createdAt": "2025-11-12T09:02:01.388Z"
  },
  {
    "id": 1762938133128,
    "headWord": "stale",
    "pronunciation": "steɪl",
    "definition": "陈腐的；不新鲜的",
    "sentences": [
      "French bread goes stale (= becomes stale ) very quickly. - 法式面包极易变味。",
      "stale cake - 不新鲜的蛋糕"
    ],
    "synonyms": [
      "banal",
      "trite",
      "urinate",
      "urine",
      "emiction"
    ],
    "createdAt": "2025-11-12T09:02:13.128Z"
  },
  {
    "id": 1762938147813,
    "headWord": "sway",
    "pronunciation": "sweɪ",
    "definition": "影响",
    "sentences": [
      "Don’t allow yourself to be swayed by his promises. - 你可不要听了他的许诺就改变主意呀。"
    ],
    "synonyms": [
      "affect",
      "influence",
      "impact of",
      "impact on",
      "reach",
      "impact of",
      "impact on",
      "work on",
      "effect",
      "influence",
      "infection",
      "impression",
      "governance"
    ],
    "createdAt": "2025-11-12T09:02:27.813Z"
  },
  {
    "id": 1762938162469,
    "headWord": "stake",
    "pronunciation": "steɪk",
    "definition": "桩，棍子；赌注；火刑；奖金",
    "sentences": [
      "For a dollar stake, you can win up to $1,000,000. - 押一美元赌注，最多可赢一百万美元。"
    ],
    "synonyms": [
      "bonus",
      "dividend",
      "encourage",
      "carry",
      "fund",
      "second",
      "back",
      "lay",
      "make a bet"
    ],
    "createdAt": "2025-11-12T09:02:42.469Z"
  },
  {
    "id": 1762938233947,
    "headWord": "scold",
    "pronunciation": "skəʊld",
    "definition": "骂，责骂",
    "sentences": [
      "Do not scold the puppy, but simply and firmly say ‘no’. - 不要责骂小狗，但要干脆利落地说“不”。"
    ],
    "synonyms": [
      "rate",
      "hop on",
      "rate",
      "hop on",
      "talking-to",
      "opprobrium"
    ],
    "createdAt": "2025-11-12T09:03:53.947Z"
  },
  {
    "id": 1762938256049,
    "headWord": "stimulate",
    "pronunciation": "'stɪmjʊleɪt",
    "definition": "刺激；鼓舞，激励",
    "sentences": [
      "Her interest in art was stimulated by her father. - 她对艺术的兴趣是她父亲激发的。"
    ],
    "synonyms": [
      "fan",
      "power",
      "motivate",
      "needle",
      "activate"
    ],
    "createdAt": "2025-11-12T09:04:16.049Z"
  },
  {
    "id": 1762938266428,
    "headWord": "thrive",
    "pronunciation": "θraɪv",
    "definition": "繁荣，兴旺；茁壮成长",
    "sentences": [
      "plants that thrive in tropical rain forests - 在热带雨林蓬勃生长的植物",
      "a business which managed to thrive during a recession - 在经济萧条时期也能顺利发展的一家企业"
    ],
    "synonyms": [
      "succeed",
      "flower"
    ],
    "createdAt": "2025-11-12T09:04:26.428Z"
  },
  {
    "id": 1762938282009,
    "headWord": "strive",
    "pronunciation": "straɪv",
    "definition": "努力；奋斗；抗争",
    "sentences": [
      "He strives hard to keep himself very fit. - 他努力使自己保持非常的健康。"
    ],
    "synonyms": [
      "apply oneself",
      "struggle",
      "labor"
    ],
    "createdAt": "2025-11-12T09:04:42.009Z"
  },
  {
    "id": 1762938293787,
    "headWord": "derive",
    "pronunciation": "dɪ'raɪv",
    "definition": "得到，获得；起源",
    "sentences": [
      "Mr. Ying is one of those happy people who derive pleasure from helping others. - 英先生是那种助人为乐的快活人。"
    ],
    "synonyms": [
      "to originate"
    ],
    "createdAt": "2025-11-12T09:04:53.787Z"
  },
  {
    "id": 1762938300274,
    "headWord": "deprive",
    "pronunciation": "dɪ'praɪv",
    "definition": "使丧失，剥夺",
    "sentences": [
      "They've been deprived of the fuel necessary to heat their homes. - 他们无法得到住房取暖必需的燃料。"
    ],
    "synonyms": [
      "shear",
      "strip of"
    ],
    "createdAt": "2025-11-12T09:05:00.274Z"
  },
  {
    "id": 1762938318451,
    "headWord": "rival",
    "pronunciation": "'raɪvl",
    "definition": "对手；竞争者",
    "sentences": [
      "This gives the company a competitive advantage over its rivals. - 这使该公司与其对手相比具有一项竞争优势。",
      "He finished 39 seconds ahead of his main rival . - 他比主要对手早39秒到达终点。",
      "She was 2 minutes faster than her nearest rival . - 她比紧随其后的对手快两分钟。",
      "a game against their old rivals , Manchester United - 和他们的老对手曼联队的比赛",
      "They still remain bitter rivals (= hate each other ) . - 他们仍是死敌。",
      "Their sales have now overtaken those of their arch-rival (= main or strongest rival ) . - 他们的销售额现已超过了主要竞争对手。"
    ],
    "synonyms": [
      "equal",
      "comparative",
      "opponent",
      "match",
      "adversary",
      "match",
      "compete against",
      "contest",
      "cope",
      "struggle to",
      "competitive",
      "vying"
    ],
    "createdAt": "2025-11-12T09:05:18.451Z"
  },
  {
    "id": 1762938345941,
    "headWord": "private",
    "pronunciation": "'praɪvət",
    "definition": "私人的；私有的；私下的",
    "sentences": [
      "Morris has a private jet. - 莫里斯拥有一架私人喷气式飞机。",
      "He made some notes for his private use. - 他记了些笔记供自己所用。",
      "They objected to any form of private property . - 他们反对任何形式的私有财产。"
    ],
    "synonyms": [
      "chamber",
      "cabinet",
      "seaman second class"
    ],
    "createdAt": "2025-11-12T09:05:45.941Z"
  },
  {
    "id": 1762938364263,
    "headWord": "privacy",
    "pronunciation": "'prɪvəsɪ",
    "definition": "隐私",
    "sentences": [
      "each individual’s right to privacy - 每个人的隐私权"
    ],
    "synonyms": [
      "secret",
      "confidence",
      "mystery"
    ],
    "createdAt": "2025-11-12T09:06:04.263Z"
  },
  {
    "id": 1762938375558,
    "headWord": "plot",
    "pronunciation": "plɒt",
    "definition": "情节；小块土地",
    "sentences": [
      "The plot was a little confusing. - 情节有些费解。",
      "We discover that Jack isn’t as innocent as he seems, as the plot unfolds (= gradually becomes clearer ) . - 随着情节的展开，我们发现杰克并不像表面上看起来那么清白。"
    ],
    "synonyms": [
      "action",
      "designing",
      "scenario",
      "lot",
      "to divide",
      "be up to something",
      "to plan"
    ],
    "createdAt": "2025-11-12T09:06:15.558Z"
  },
  {
    "id": 1762938399527,
    "headWord": "preach",
    "pronunciation": "priːtʃ",
    "definition": "说教，布道；鼓吹",
    "sentences": [
      "Christ began preaching to large crowds. - 基督开始向众人布道。",
      "a politician preaching the virtues of a free market - 宣扬自由市场优点的政治家"
    ],
    "synonyms": [
      "drum in",
      "boost",
      "sermonize",
      "homily"
    ],
    "createdAt": "2025-11-12T09:06:39.527Z"
  },
  {
    "id": 1762938414025,
    "headWord": "prompt",
    "pronunciation": "prɒm(p)t",
    "definition": "敏捷的，迅速的；立刻的",
    "sentences": [
      "Prompt action must be taken. - 必须立即采取行动。",
      "Prompt payment is requested. - 请立即付款。",
      "a prompt response - 迅速的答复"
    ],
    "synonyms": [
      "rapid",
      "fast",
      "fly",
      "forward",
      "ready",
      "facilitate",
      "boost",
      "further",
      "cue",
      "noting",
      "punctually"
    ],
    "createdAt": "2025-11-12T09:06:54.025Z"
  },
  {
    "id": 1762938466082,
    "headWord": "sane",
    "pronunciation": "seɪn",
    "definition": "健全的；理智的；[临床] 神志正常的",
    "sentences": [
      "He seems perfectly sane (= completely sane ) to me. - 在我看来他神志完全正常。",
      "No sane person would want to kill a baby. - 神志正常的人不会去杀一个婴儿。"
    ],
    "synonyms": [
      "healthy",
      "intellectual",
      "sound"
    ],
    "createdAt": "2025-11-12T09:07:46.082Z"
  },
  {
    "id": 1762938473827,
    "headWord": "exile",
    "pronunciation": "'eksaɪl",
    "definition": "流放，放逐",
    "sentences": [
      "political exiles - 政治流亡者"
    ],
    "synonyms": [
      "transportation",
      "banishment",
      "transport",
      "banish"
    ],
    "createdAt": "2025-11-12T09:07:53.827Z"
  },
  {
    "id": 1762938492126,
    "headWord": "ethic",
    "pronunciation": "'eθɪk",
    "definition": "伦理；道德规范",
    "sentences": [
      "The old ethic of hard work has given way to a new ethic of instant gratification. - 旧有的崇尚勤勉的道德观已被及时行乐的新观念所取代。"
    ],
    "synonyms": [
      "moral rule",
      "moral appeals",
      "moral"
    ],
    "createdAt": "2025-11-12T09:08:12.126Z"
  },
  {
    "id": 1762938505620,
    "headWord": "ethnic",
    "pronunciation": "'eθnɪk",
    "definition": "异国风情的；人种的，种族的",
    "sentences": [
      "The school teaches pupils from different ethnic groups. - 该校教授不同种族的小学生。",
      "ethnic Russians in Estonia - 居住在爱沙尼亚的俄罗斯人",
      "plans to partition the republic along ethnic lines - 按种族分割该共和国的计划"
    ],
    "synonyms": [
      "racial",
      "tribal"
    ],
    "createdAt": "2025-11-12T09:08:25.620Z"
  },
  {
    "id": 1762938521982,
    "headWord": "penetrate",
    "pronunciation": "'penɪtreɪt",
    "definition": "渗透；穿透；洞察",
    "sentences": [
      "bullets that penetrate thick armour plating - 穿过厚装甲的子弹",
      "Sunlight barely penetrated the dirty windows. - 阳光几乎照不进那些肮脏的窗户。"
    ],
    "synonyms": [
      "filter",
      "permeate",
      "sink",
      "osmose"
    ],
    "createdAt": "2025-11-12T09:08:41.982Z"
  },
  {
    "id": 1762938549531,
    "headWord": "neutral",
    "pronunciation": "'njuːtr(ə)l",
    "definition": "中立的",
    "sentences": [
      "I always tried to remain neutral when they started arguing. - 他们争论起来的时候我总是努力保持中立。",
      "Clive decided to adopt a neutral position. - 克莱夫决定采取中立立场。",
      "The British government acted as a neutral observer during the talks. - 英国政府在会谈中扮演了中立观察员的角色。"
    ],
    "synonyms": [
      "indifferent",
      "litmusless",
      "fence-sitter",
      "mugwump"
    ],
    "createdAt": "2025-11-12T09:09:09.531Z"
  },
  {
    "id": 1762938573608,
    "headWord": "punctual",
    "pronunciation": "'pʌŋ(k)tʃʊəl; -tjʊəl",
    "definition": "准时的，守时的；精确的",
    "sentences": [
      "She’s always very punctual for appointments. - 她一向准时赴约。",
      "the punctual payment of invoices - 准时结清费用清单"
    ],
    "synonyms": [
      "accurate",
      "precise",
      "mathematical",
      "strict",
      "rigid"
    ],
    "createdAt": "2025-11-12T09:09:33.608Z"
  },
  {
    "id": 1762938614810,
    "headWord": "reflect",
    "pronunciation": "rɪ'flekt",
    "definition": "反映；反射；仔细考虑",
    "sentences": [
      "The drop in consumer spending reflects concern about the economy. - 消费支出的下降反映出人们对经济的担忧。"
    ],
    "synonyms": [
      "glass",
      "image",
      "give back",
      "flash back"
    ],
    "createdAt": "2025-11-12T09:10:14.810Z"
  },
  {
    "id": 1762938640184,
    "headWord": "reflection",
    "pronunciation": "rɪ'flekʃ(ə)n",
    "definition": "反射；映象；反映",
    "sentences": [
      "Can you see your reflection in the glass? - 你能看到玻璃里你的影像吗？"
    ],
    "synonyms": [
      "meditation",
      "contemplation"
    ],
    "createdAt": "2025-11-12T09:10:40.184Z"
  },
  {
    "id": 1762938653557,
    "headWord": "flexible",
    "pronunciation": "'fleksɪb(ə)l",
    "definition": "灵活的；柔韧的；易弯曲的",
    "sentences": [
      "We can be flexible about your starting date. - 你具体从哪天开始，我们可以灵活一点。",
      "The government needs a more flexible approach to education. - 政府在处理教育问题上需要更加灵活。"
    ],
    "synonyms": [
      "elastic",
      "pliable"
    ],
    "createdAt": "2025-11-12T09:10:53.557Z"
  },
  {
    "id": 1762938668250,
    "headWord": "gloom",
    "pronunciation": "gluːm",
    "definition": " 昏暗， 阴暗； 忧郁， 沮丧",
    "sentences": [
      "He peered into the gathering (= increasing ) gloom. - 他在渐深的暮色中眺望远方。"
    ],
    "synonyms": [
      "doldrums",
      "hyp",
      "shadow",
      "heart sink",
      "cloud"
    ],
    "createdAt": "2025-11-12T09:11:08.250Z"
  },
  {
    "id": 1762938688779,
    "headWord": "gloomy",
    "pronunciation": "'gluːmɪ",
    "definition": "阴沉的，沮丧的",
    "sentences": [
      "The report paints a gloomy picture of the economy. - 这篇报告描绘了一幅惨淡的经济现状。"
    ],
    "synonyms": [
      "dark",
      "sad",
      "blue",
      "gray",
      "disappointed"
    ],
    "createdAt": "2025-11-12T09:11:28.779Z"
  },
  {
    "id": 1762938709286,
    "headWord": "irrigate",
    "pronunciation": "'ɪrɪgeɪt",
    "definition": "灌溉, 修水利, 冲洗伤口, 使潮湿",
    "sentences": [
      "The water in Lake Powell is used to irrigate the area. - 包尔湖的水被用来灌溉该地区。"
    ],
    "synonyms": [
      "syringe",
      "douche"
    ],
    "createdAt": "2025-11-12T09:11:49.286Z"
  },
  {
    "id": 1762938740070,
    "headWord": "exaggerate",
    "pronunciation": "ɪg'zædʒəreɪt; eg-",
    "definition": "夸大，夸张",
    "sentences": [
      "I couldn’t sleep for three days – I’m not exaggerating. - 我三天没睡觉了——一点不夸张。"
    ],
    "synonyms": [
      "enlarge",
      "broaden",
      "put it on",
      "pile it on"
    ],
    "createdAt": "2025-11-12T09:12:20.070Z"
  },
  {
    "id": 1762938747458,
    "headWord": "rod",
    "pronunciation": "rɒd",
    "definition": "杆，竿，棒",
    "sentences": [
      "a measuring rod - 测量杆"
    ],
    "synonyms": [
      "punishment",
      "authority",
      "payment",
      "bar",
      "discipline"
    ],
    "createdAt": "2025-11-12T09:12:27.458Z"
  },
  {
    "id": 1762938762659,
    "headWord": "ward",
    "pronunciation": "wɔːd",
    "definition": "病房",
    "sentences": [
      "the other patients in the ward - 病房里的其他病人"
    ],
    "synonyms": [
      "observation",
      "safeguard",
      "monitoring",
      "surveillance",
      "watch",
      "avoid",
      "guard",
      "shun"
    ],
    "createdAt": "2025-11-12T09:12:42.659Z"
  },
  {
    "id": 1762938771228,
    "headWord": "reward",
    "pronunciation": "rɪ'wɔːd",
    "definition": "[劳经] 报酬；报答；酬谢",
    "sentences": [
      "The school has a system of rewards and punishments to encourage good behaviour. - 学校有奖惩制度以鼓励良好行为。"
    ],
    "synonyms": [
      "compensation",
      "payment",
      "consideration",
      "return",
      "remuneration",
      "put a premium on"
    ],
    "createdAt": "2025-11-12T09:12:51.228Z"
  },
  {
    "id": 1762938798119,
    "headWord": "dilemma",
    "pronunciation": "dɪ'lemə; daɪ-",
    "definition": "困境；进退两难；两刀论法",
    "sentences": [
      "a moral dilemma - 道德上进退两难的窘境",
      "This placed Robert Kennedy in a dilemma. - 这让罗伯特·肯尼迪陷入了两难的境地。",
      "Many women are faced with the dilemma of choosing between work and family commitments. - 许多女性面临着出去工作还是照顾家庭的两难境地。"
    ],
    "synonyms": [
      "difficulty",
      "corner",
      "fix",
      "predicament"
    ],
    "createdAt": "2025-11-12T09:13:18.119Z"
  },
  {
    "id": 1762938805255,
    "headWord": "dew",
    "pronunciation": "'djuː",
    "definition": "露，露水",
    "sentences": [
      "The dew gathered on the leaves. - 露水在叶片上聚集。"
    ],
    "synonyms": [
      "drop",
      "gutta",
      "get wet",
      "moisten"
    ],
    "createdAt": "2025-11-12T09:13:25.255Z"
  },
  {
    "id": 1762938834727,
    "headWord": "deputy",
    "pronunciation": "'depjʊtɪ",
    "definition": "代理人，代表",
    "sentences": [
      "His brother was acting as his deputy in America. - 他的兄弟充当他在美洲的代理人。"
    ],
    "synonyms": [
      "agent",
      "representation",
      "factor",
      "secondary",
      "proxy",
      "acting",
      "vice",
      "agent",
      "auxiliary"
    ],
    "createdAt": "2025-11-12T09:13:54.727Z"
  },
  {
    "id": 1762938841348,
    "headWord": "dam",
    "pronunciation": "dæm",
    "definition": "坝",
    "sentences": [
      "Before the dam was built, Campbell River used to flood in the spring. - 大坝建好之前，坎贝尔河常在春季发大水。"
    ],
    "synonyms": [
      "control over",
      "take control of",
      "bar",
      "obstacle",
      "let",
      "stop"
    ],
    "createdAt": "2025-11-12T09:14:01.348Z"
  },
  {
    "id": 1762938851379,
    "headWord": "damage",
    "pronunciation": "'dæmɪdʒ",
    "definition": "损害，损失",
    "sentences": [
      "These chemicals have been found to cause serious environmental damage. - 经发现，这些化学物质会造成严重的环境破坏。",
      "There may be permanent brain damage. - 可能有永久性脑损伤。",
      "His eyesight suffered irreparable damage. - 他的视力受到了无法修复的损伤。"
    ],
    "synonyms": [
      "do harm to",
      "let in for",
      "injury",
      "harm",
      "lesion",
      "destroy",
      "hurt",
      "blast"
    ],
    "createdAt": "2025-11-12T09:14:11.379Z"
  },
  {
    "id": 1762938873297,
    "headWord": "damn",
    "pronunciation": "dæm",
    "definition": "该死，见鬼〔表示很生气或失望〕",
    "sentences": [
      "Damn! I’ve left my keys in the office. - 见鬼！我把钥匙忘在办公室了。"
    ],
    "synonyms": [
      "condemn",
      "denounce",
      "accuse of",
      "brush down",
      "one point",
      "tittle",
      "abhorrent",
      "dad-burned",
      "extremely",
      "badly",
      "highly",
      "greatly",
      "too",
      "dang"
    ],
    "createdAt": "2025-11-12T09:14:33.297Z"
  },
  {
    "id": 1762938924245,
    "headWord": "damp",
    "pronunciation": "dæmp",
    "definition": "使潮湿；使阻尼；使沮丧，抑制",
    "sentences": [
      "Damp had stained the walls. - 墙上留下了潮湿的痕迹。"
    ],
    "synonyms": [
      "control",
      "stay",
      "restrain",
      "moisturize",
      "moisture",
      "humidity",
      "wet",
      "wet",
      "humid",
      "moisty"
    ],
    "createdAt": "2025-11-12T09:15:24.245Z"
  },
  {
    "id": 1762938955111,
    "headWord": "fatal",
    "pronunciation": "'feɪtl",
    "definition": "致命的，攸关的",
    "sentences": [
      "potentially fatal diseases - 潜在致命的疾病",
      "If it is not treated correctly, the condition can prove fatal (= be fatal ) . - 如果治疗不当，这种病可能会致命。"
    ],
    "synonyms": [
      "important",
      "significant",
      "great",
      "fell",
      "kill"
    ],
    "createdAt": "2025-11-12T09:15:55.111Z"
  },
  {
    "id": 1762938977191,
    "headWord": "faculty",
    "pronunciation": "'fæk(ə)ltɪ",
    "definition": "才能，能力；系，科",
    "sentences": [
      "the Engineering Faculty - 工程学院"
    ],
    "synonyms": [
      "ability",
      "capacity",
      "competence",
      "department",
      "power"
    ],
    "createdAt": "2025-11-12T09:16:17.191Z"
  },
  {
    "id": 1762939019037,
    "headWord": "fascinate",
    "pronunciation": "'fæsineit",
    "definition": "强烈地吸引，迷住",
    "sentences": [
      "The idea of travelling through time fascinates me. - 穿越时光的想法深深吸引着我。"
    ],
    "synonyms": [
      "enthrall",
      "beguile",
      "be carried away"
    ],
    "createdAt": "2025-11-12T09:16:59.037Z"
  },
  {
    "id": 1762939072217,
    "headWord": "inflate",
    "pronunciation": "ɪn'fleɪt",
    "definition": "使充气；使通货膨胀",
    "sentences": [
      "It took us half an hour to inflate the dinghy. - 我们用了半小时给橡皮筏充好气。",
      "Her life jacket failed to inflate. - 她的救生衣未能充进去气。"
    ],
    "synonyms": [
      "blow up",
      "fill",
      "swell with"
    ],
    "createdAt": "2025-11-12T09:17:52.217Z"
  },
  {
    "id": 1762939092047,
    "headWord": "inflation",
    "pronunciation": "ɪn'fleɪʃ(ə)n",
    "definition": "膨胀；通货膨胀；夸张；自命不凡",
    "sentences": [
      "Inflation is now at over 16%. - 通货膨胀率现已超过16%。"
    ],
    "synonyms": [
      "expansion",
      "bulking"
    ],
    "createdAt": "2025-11-12T09:18:12.047Z"
  },
  {
    "id": 1762939124989,
    "headWord": "coarse",
    "pronunciation": "kɔːs",
    "definition": "粗的，粗糙的",
    "sentences": [
      "a jacket of coarse wool - 粗羊毛夹克衫"
    ],
    "synonyms": [
      "crude",
      "rough",
      "low",
      "inferior",
      "lower"
    ],
    "createdAt": "2025-11-12T09:18:44.989Z"
  },
  {
    "id": 1762939316706,
    "headWord": "descend",
    "pronunciation": "dɪ'send",
    "definition": "下来，下降；下倾",
    "sentences": [
      "Our plane started to descend. - 我们的飞机开始下降。",
      "I heard his footsteps descending the stairs. - 我听到他下楼的脚步声。"
    ],
    "synonyms": [
      "decline",
      "go down"
    ],
    "createdAt": "2025-11-12T09:21:56.706Z"
  },
  {
    "id": 1762939440842,
    "headWord": "descendant",
    "pronunciation": "dɪˈsendənt",
    "definition": "子孙后代",
    "sentences": [
      "He was a direct descendant of Napoleon Bonaparte. - 他是拿破仑·波拿巴的嫡系后裔。"
    ],
    "synonyms": [
      "falling",
      "downward",
      "child",
      "seed"
    ],
    "createdAt": "2025-11-12T09:24:00.842Z"
  },
  {
    "id": 1762939474199,
    "headWord": "wave",
    "pronunciation": "weɪv",
    "definition": "挥手示意，致意",
    "sentences": [
      "Enid waved at us and we waved back. - 伊妮德向我们挥手，我们也向她挥手。"
    ],
    "synonyms": [
      "roll",
      "rock",
      "undulate",
      "fluctuation",
      "undulation"
    ],
    "createdAt": "2025-11-12T09:24:34.199Z"
  },
  {
    "id": 1762939511989,
    "headWord": "wage",
    "pronunciation": "weɪdʒ",
    "definition": "进行；发动；从事",
    "sentences": [
      "The government, along with the three factions that had been waging a civil war, signed a peace agreement. - 政府和发动了内战的3方一起签订了1份和平协议。"
    ],
    "synonyms": [
      "progress",
      "do",
      "price",
      "expense",
      "pay",
      "cost",
      "do",
      "carry with"
    ],
    "createdAt": "2025-11-12T09:25:11.989Z"
  },
  {
    "id": 1762939563148,
    "headWord": "wit",
    "pronunciation": "wɪt",
    "definition": "智力，才智，智慧",
    "sentences": [
      "The information is there and waiting to be accessed by anyone with the wit to use it. - 信息是现成的，等着有头脑的人去获取和利用。"
    ],
    "synonyms": [
      "wisdom",
      "intelligence",
      "brain",
      "mind",
      "mentality"
    ],
    "createdAt": "2025-11-12T09:26:03.148Z"
  },
  {
    "id": 1762939574523,
    "headWord": "witty",
    "pronunciation": "'wɪtɪ",
    "definition": "机智的；风趣的",
    "sentences": [
      "witty remarks - 妙语",
      "Laura’s very witty. - 劳拉谈吐很风趣。"
    ],
    "synonyms": [
      "humorous",
      "jocose"
    ],
    "createdAt": "2025-11-12T09:26:14.523Z"
  },
  {
    "id": 1762939589769,
    "headWord": "witness",
    "pronunciation": "ˈwɪtnɪs",
    "definition": "目击",
    "sentences": [
      "Several residents claim to have witnessed the attack. - 几位居民称目击了袭击事件。"
    ],
    "synonyms": [
      "proof",
      "teste",
      "demonstrate",
      "prove",
      "argue"
    ],
    "createdAt": "2025-11-12T09:26:29.769Z"
  },
  {
    "id": 1762939599995,
    "headWord": "wise",
    "pronunciation": "waɪz",
    "definition": "聪明的，有智慧的",
    "sentences": [
      "a wise precaution - 明智的预防措施",
      "I don’t think that would be a very wise move (= not be a sensible thing to do ). - 我认为那样做不是很明智。"
    ],
    "synonyms": [
      "intelligent",
      "learned",
      "knowing",
      "bright",
      "clever",
      "enlighten",
      "indoctrinate",
      "know about",
      "learn about",
      "get to know",
      "make sth of"
    ],
    "createdAt": "2025-11-12T09:26:39.995Z"
  },
  {
    "id": 1762939619694,
    "headWord": "wisdom",
    "pronunciation": "'wɪzdəm",
    "definition": "智慧",
    "sentences": [
      "a man of great wisdom - 一个有大智慧的男人",
      "You can always expect a few words of wisdom from Dave. - 戴夫总能冒出几句至理名言。"
    ],
    "synonyms": [
      "wit",
      "scholarship"
    ],
    "createdAt": "2025-11-12T09:26:59.694Z"
  },
  {
    "id": 1762939626929,
    "headWord": "wood",
    "pronunciation": "wʊd",
    "definition": "木材；木制品；树林",
    "sentences": [
      "Put some more wood on the fire. - 往火上再添些木柴。",
      "a polished wood floor - 擦得锃亮的木地板",
      "Her house was made of wood . - 她家的房子是木头盖的。"
    ],
    "synonyms": [
      "timber",
      "lignum"
    ],
    "createdAt": "2025-11-12T09:27:06.929Z"
  },
  {
    "id": 1762939635057,
    "headWord": "wooden",
    "pronunciation": "'wʊd(ə)n",
    "definition": "木制的；僵硬的，呆板的",
    "sentences": [
      "a wooden bench - 木制长椅"
    ],
    "synonyms": [
      "mechanical",
      "rigid",
      "dead"
    ],
    "createdAt": "2025-11-12T09:27:15.057Z"
  },
  {
    "id": 1762939660870,
    "headWord": "wire",
    "pronunciation": "waɪə",
    "definition": "电线；金属丝；电报",
    "sentences": [
      "copper wire - 铜丝",
      "a wire fence - 铁丝网"
    ],
    "synonyms": [
      "electric cord",
      "electrical wiring",
      "telegraph"
    ],
    "createdAt": "2025-11-12T09:27:40.870Z"
  },
  {
    "id": 1762939675203,
    "headWord": "wrap",
    "pronunciation": "ræp",
    "definition": "裹，包，捆",
    "sentences": [
      "I’ve still got a few Christmas presents to wrap up. - 我还有一些圣诞礼物要包起来。"
    ],
    "synonyms": [
      "wind",
      "lock",
      "wind",
      "outerwear",
      "outer coat"
    ],
    "createdAt": "2025-11-12T09:27:55.203Z"
  },
  {
    "id": 1762939754786,
    "headWord": "seed",
    "pronunciation": "siːd",
    "definition": "种子",
    "sentences": [
      "He’s been top seed for the past two years. - 他在过去两年中一直是头号种子选手。"
    ],
    "synonyms": [
      "foundation",
      "child",
      "sow",
      "gather head",
      "sow"
    ],
    "createdAt": "2025-11-12T09:29:14.786Z"
  },
  {
    "id": 1762939786888,
    "headWord": "weed",
    "pronunciation": "wiːd",
    "definition": "杂草，野草",
    "sentences": [
      "the constant battle against weeds - 对付杂草的长期斗争"
    ],
    "synonyms": [
      "shovel",
      "fireweed",
      "ruderal"
    ],
    "createdAt": "2025-11-12T09:29:46.888Z"
  },
  {
    "id": 1762939796496,
    "headWord": "feed",
    "pronunciation": "fiːd",
    "definition": "喂养；供给；放牧；抚养（家庭等）；靠…为生",
    "sentences": [
      "Feed the tomatoes once a week. - 每周给番茄施一次肥。"
    ],
    "synonyms": [
      "grass",
      "take care of",
      "range",
      "take food",
      "flow into",
      "meal",
      "breeding",
      "husbandry"
    ],
    "createdAt": "2025-11-12T09:29:56.496Z"
  },
  {
    "id": 1762939815552,
    "headWord": "feedback",
    "pronunciation": "'fiːdbæk",
    "definition": "反馈；成果，资料；回复",
    "sentences": [
      "How can I provide feedback without making someone angry? - 我怎样才能提出反馈意见又不会得罪人呢？"
    ],
    "synonyms": [
      "production",
      "outcome",
      "information"
    ],
    "createdAt": "2025-11-12T09:30:15.552Z"
  },
  {
    "id": 1762939835553,
    "headWord": "weep",
    "pronunciation": "wiːp",
    "definition": "(wept,wept)哭泣，流泪",
    "sentences": [
      "James broke down and wept. - 詹姆斯控制不住感情，哭了起来。",
      "He wept bitterly (= cried a lot ) when it was time for us to leave. - 我们要分别的时候他痛哭了一场。"
    ],
    "synonyms": [
      "water",
      "shed tears",
      "shed tears",
      "pipe one's eye",
      "tears",
      "eyedrop"
    ],
    "createdAt": "2025-11-12T09:30:35.553Z"
  },
  {
    "id": 1762961588674,
    "headWord": "sweep",
    "pronunciation": "swiːp",
    "definition": "扫；刮起；扫过",
    "sentences": [
      "Bert swept the path in front of the house. - 伯特清扫了屋前的小路。"
    ],
    "synonyms": [
      "clean off",
      "broom",
      "clean",
      "do out",
      "extent",
      "boundary",
      "region",
      "spectrum",
      "territory",
      "area"
    ],
    "createdAt": "2025-11-12T15:33:08.674Z"
  },
  {
    "id": 1762961603890,
    "headWord": "wool",
    "pronunciation": "wʊl",
    "definition": "羊毛；毛线；绒线；毛织品；毛料衣物",
    "sentences": [
      "a pure wool skirt - 纯羊毛裙子"
    ],
    "synonyms": [
      "erio",
      "Lana"
    ],
    "createdAt": "2025-11-12T15:33:23.890Z"
  },
  {
    "id": 1762961616063,
    "headWord": "raw",
    "pronunciation": "rɔː",
    "definition": "生的；未加工的；阴冷的；刺痛的；擦掉皮的；无经验的；（在艺术等方面）不成熟的",
    "sentences": [
      "raw meat - 生肉",
      "grated raw carrots - 磨碎的生胡萝卜",
      "Cabbage can be eaten raw. - 洋白菜可以生吃。"
    ],
    "synonyms": [
      "crude",
      "fresh",
      "unripe",
      "brush burn",
      "abrase"
    ],
    "createdAt": "2025-11-12T15:33:36.063Z"
  },
  {
    "id": 1762961635890,
    "headWord": "wrist",
    "pronunciation": "rɪst",
    "definition": "腕，腕关节",
    "sentences": [
      "He broke his wrist climbing rocks for a cigarette ad. - 他为了一个香烟广告攀岩折断了手腕。"
    ],
    "synonyms": [
      "savoir faire"
    ],
    "createdAt": "2025-11-12T15:33:55.890Z"
  },
  {
    "id": 1762961643069,
    "headWord": "bow",
    "pronunciation": "baʊ",
    "definition": "鞠躬；点头",
    "sentences": [
      "She bowed and left the stage. - 她鞠了一躬，离开了舞台。",
      "Corbett entered the room, bowing respectfully. - 科比特走进房间，恭敬地鞠了一躬。",
      "The servant bowed low and handed his master the sealed note. - 仆人深深一鞠躬，把那个封好的短笺递给了主人。"
    ],
    "synonyms": [
      "stem",
      "Yumi",
      "stoop down",
      "bend down",
      "stoop down",
      "bend down",
      "curve",
      "winding",
      "flexural",
      "crooked"
    ],
    "createdAt": "2025-11-12T15:34:03.069Z"
  },
  {
    "id": 1762961660341,
    "headWord": "rainbow",
    "pronunciation": "'reɪnbəʊ",
    "definition": "彩虹",
    "sentences": [
      "...silk and satin in every shade of the rainbow. - …如彩虹般五颜六色的丝绸与锦缎。"
    ],
    "synonyms": [
      "fancy",
      "fantasy",
      "multicolour",
      "pavonine"
    ],
    "createdAt": "2025-11-12T15:34:20.341Z"
  },
  {
    "id": 1762961667995,
    "headWord": "elbow",
    "pronunciation": "'elbəʊ",
    "definition": "肘，肘部；弯管",
    "sentences": [
      "He slipped and fell, badly bruising an elbow. - 他滑倒了，严重挫伤了一只胳膊肘。"
    ],
    "synonyms": [
      "rail",
      "rider",
      "thrust",
      "push against"
    ],
    "createdAt": "2025-11-12T15:34:27.995Z"
  },
  {
    "id": 1762961676888,
    "headWord": "bowl",
    "pronunciation": "bəʊl",
    "definition": "碗，钵；碗状物",
    "sentences": [
      "Mix all the ingredients thoroughly in a large bowl. - 将所有配料放在大碗里搅拌均匀。",
      "Fill the bowl with water. - 在碗里装满水。"
    ],
    "synonyms": [
      "knurr",
      "rummer",
      "slip",
      "slide",
      "go round and round",
      "fly about"
    ],
    "createdAt": "2025-11-12T15:34:36.888Z"
  },
  {
    "id": 1762961685462,
    "headWord": "bowel",
    "pronunciation": "'baʊəl",
    "definition": "肠，内部",
    "sentences": [
      "cancer of the bowel - 肠癌"
    ],
    "synonyms": [
      "interior",
      "inside",
      "inner",
      "feeling",
      "compassion"
    ],
    "createdAt": "2025-11-12T15:34:45.462Z"
  },
  {
    "id": 1762961695032,
    "headWord": "row",
    "pronunciation": "rəʊ",
    "definition": "(一)排，(一)行",
    "sentences": [
      "(= many rows ) of shelves stacked with books - 一排又一排堆满书的架子"
    ],
    "synonyms": [
      "hong",
      "range",
      "line",
      "rank",
      "sound",
      "boat",
      "lock horns"
    ],
    "createdAt": "2025-11-12T15:34:55.032Z"
  },
  {
    "id": 1762961711424,
    "headWord": "arrow",
    "pronunciation": "'ærəʊ",
    "definition": "箭",
    "sentences": [
      "Follow the arrows to the X-ray department. - 顺着箭头指示的方向去X光科。"
    ],
    "synonyms": [],
    "createdAt": "2025-11-12T15:35:11.424Z"
  },
  {
    "id": 1762961720848,
    "headWord": "throw",
    "pronunciation": "θrəu",
    "definition": " [threw-thrown] 投， 扔， 抛； 使突然陷入； 使困惑， 使吃惊",
    "sentences": [
      "The bus stopped suddenly and we were all thrown forwards. - 公共汽车猛地停住，我们都往前栽。"
    ],
    "synonyms": [
      "cast",
      "pitch",
      "pitch",
      "putting",
      "cast",
      "risk",
      "venture",
      "adventure"
    ],
    "createdAt": "2025-11-12T15:35:20.848Z"
  },
  {
    "id": 1762961734113,
    "headWord": "crowd",
    "pronunciation": "kraʊd",
    "definition": "群众,一伙;一堆,许多,大众",
    "sentences": [
      "A vast crowd gathered in the main square. - 主广场上聚集了一大群人。",
      "She mingled with the crowd of guests, exchanging greetings. - 她穿梭在宾客中间和他们打招呼。",
      "Saturday’s game was watched by a capacity crowd (= the maximum number of people that a sports ground etc can hold ) . - 星期六的比赛座无虚席。",
      "Troops fired tear gas and shots to disperse a crowd of 15,000 demonstrators. - 军队发射催泪弹并开枪来驱散15,000名示威群众。"
    ],
    "synonyms": [
      "burst at the seams",
      "be packed with",
      "lot",
      "band",
      "concentrate",
      "pile",
      "collect",
      "mass",
      "pack"
    ],
    "createdAt": "2025-11-12T15:35:34.113Z"
  },
  {
    "id": 1762961747235,
    "headWord": "paw",
    "pronunciation": "",
    "definition": "脚爪，爪子",
    "sentences": [
      "This month alone, my wife and I spent $600 on one Labrador retriever with a bladder infection who needed some kidney tests and $300 on the other one for an injured paw. - 仅这个月，我和我妻子就为一患膀胱感染而需要肾测试的拉布拉多犬花费了600美元，同时为另外一只爪子受伤的拉布拉多犬支付了300美元。"
    ],
    "synonyms": [],
    "createdAt": "2025-11-12T15:35:47.235Z"
  },
  {
    "id": 1762961760119,
    "headWord": "wreck",
    "pronunciation": "rek",
    "definition": "失事；残骸",
    "sentences": [
      "...the wreck of a sailing ship. - …一艘帆船的残骸。"
    ],
    "synonyms": [
      "destruction",
      "breaking",
      "blasting",
      "remain",
      "disruption",
      "destroy",
      "undermine",
      "founder"
    ],
    "createdAt": "2025-11-12T15:36:00.119Z"
  },
  {
    "id": 1762961774995,
    "headWord": "stool",
    "pronunciation": "stuːl",
    "definition": "凳子；粪便；厕所",
    "sentences": [
      "a bar stool - 酒吧高凳"
    ],
    "synonyms": [
      "john",
      "convenience",
      "bathroom",
      "trap",
      "induce"
    ],
    "createdAt": "2025-11-12T15:36:14.995Z"
  },
  {
    "id": 1762961786192,
    "headWord": "pistol",
    "pronunciation": "'pɪstl",
    "definition": " 手枪",
    "sentences": [
      "He threatened to pistol me. - 他威胁要用手枪向我射击。",
      "He stowed a small pistol in her handbag. - 他在她的手袋里藏了一把小手枪。",
      "He hopped back up the stairs and took his pistol. - 他赶紧返回到楼上，拿上了他的手枪。"
    ],
    "synonyms": [
      "handgun",
      "betsy"
    ],
    "createdAt": "2025-11-12T15:36:26.192Z"
  },
  {
    "id": 1762961795461,
    "headWord": "dawn",
    "pronunciation": "dɔːn",
    "definition": "开端；拂晓",
    "sentences": [
      "People have been falling in love since the dawn of time. - 亘古以来就有爱情。"
    ],
    "synonyms": [
      "morning",
      "origin",
      "come out",
      "break of day"
    ],
    "createdAt": "2025-11-12T15:36:35.461Z"
  },
  {
    "id": 1762961806829,
    "headWord": "crew",
    "pronunciation": "kruː",
    "definition": "全体机组人员",
    "sentences": [
      "The plane crashed, killing two of the crew and four passengers. - 飞机坠毁，造成两名机组人员和四名乘客死亡。",
      "a crew member - 一名机组人员"
    ],
    "synonyms": [
      "team",
      "group",
      "personnel",
      "suit"
    ],
    "createdAt": "2025-11-12T15:36:46.829Z"
  },
  {
    "id": 1762961819681,
    "headWord": "screw",
    "pronunciation": "skruː",
    "definition": "旋，拧；压榨；强迫",
    "sentences": [
      "\"Yes, I know that,\" Kelly said, screwing the silencer onto the pistol. - “是的，我知道那事。”凯利一边把消音器拧到手枪上一边说道。"
    ],
    "synonyms": [
      "force",
      "enforce",
      "spiral",
      "helix",
      "turn",
      "roll"
    ],
    "createdAt": "2025-11-12T15:36:59.681Z"
  },
  {
    "id": 1762961844111,
    "headWord": "crawl",
    "pronunciation": "krɔːl",
    "definition": "爬，爬行",
    "sentences": [
      "We crawled into bed at 2 am. - 我们凌晨两点爬上了床。"
    ],
    "synonyms": [
      "creep",
      "creep",
      "aquarium"
    ],
    "createdAt": "2025-11-12T15:37:24.111Z"
  },
  {
    "id": 1762961856842,
    "headWord": "kingdom",
    "pronunciation": "'kɪŋdəm",
    "definition": "王国",
    "sentences": [
      "the United Kingdom - 联合王国"
    ],
    "synonyms": [
      "domain",
      "province",
      "territory",
      "world",
      "universe"
    ],
    "createdAt": "2025-11-12T15:37:36.842Z"
  },
  {
    "id": 1762961863404,
    "headWord": "kin",
    "pronunciation": "kɪn",
    "definition": "亲戚；家族；同族",
    "sentences": [],
    "synonyms": [
      "relative",
      "family",
      "congeneric",
      "akin"
    ],
    "createdAt": "2025-11-12T15:37:43.404Z"
  },
  {
    "id": 1762961873567,
    "headWord": "bet",
    "pronunciation": "bet",
    "definition": "打赌，赌注；被打赌的事物",
    "sentences": [
      "a £50 bet - 50英镑的赌注",
      "Bookmakers are already taking bets on the outcome. - 马票商已经开始接受对比赛结果的下注了。"
    ],
    "synonyms": [
      "stake",
      "make sure",
      "be sure of",
      "lay",
      "stake"
    ],
    "createdAt": "2025-11-12T15:37:53.567Z"
  },
  {
    "id": 1762961883158,
    "headWord": "net",
    "pronunciation": "net",
    "definition": "网；网络；净利；实价",
    "sentences": [
      "Bruce spends most evenings surfing the Net (= looking at information in different places on the Internet ). - 布鲁斯晚上大多在网上浏览信息。"
    ],
    "synonyms": [
      "network",
      "web",
      "harvest",
      "come into",
      "pure",
      "whole"
    ],
    "createdAt": "2025-11-12T15:38:03.158Z"
  },
  {
    "id": 1762961898385,
    "headWord": "magnet",
    "pronunciation": "ˈmæɡnɪt",
    "definition": "磁铁，磁石，磁体",
    "sentences": [
      "It's possible to hang a nail from a magnet and then use that nail to pick up another nail. - 把一颗钉子挂在一个磁体上再用这颗钉子去吸起另一颗钉子是可能的。"
    ],
    "synonyms": [
      "aimant",
      "leading stone"
    ],
    "createdAt": "2025-11-12T15:38:18.385Z"
  },
  {
    "id": 1762961919994,
    "headWord": "magnetic",
    "pronunciation": "mæg'netɪk",
    "definition": "磁的，有磁性的",
    "sentences": [
      "magnetic forces - 磁力"
    ],
    "synonyms": [
      "geomagnetic"
    ],
    "createdAt": "2025-11-12T15:38:39.994Z"
  },
  {
    "id": 1762961928221,
    "headWord": "jet",
    "pronunciation": "jɛt",
    "definition": "喷射，喷嘴；喷气式飞机；黑玉",
    "sentences": [
      "He owns a private jet. - 他拥有一架私人喷气式飞机。"
    ],
    "synonyms": [
      "emission",
      "ejection nozzle",
      "coal-black",
      "jet-black",
      "shoot out",
      "send up",
      "shoot out",
      "send up"
    ],
    "createdAt": "2025-11-12T15:38:48.221Z"
  },
  {
    "id": 1762961937566,
    "headWord": "diet",
    "pronunciation": "'daɪət",
    "definition": "饮食；节食",
    "sentences": [
      "Lyn always seems to be on a diet. - 琳恩似乎一直在节食。",
      "a salt-free diet - 无盐饮食",
      "Not all diets are good for you. - 不是所有的节食方法都适合你。"
    ],
    "synonyms": [
      "eating",
      "food and drink"
    ],
    "createdAt": "2025-11-12T15:38:57.566Z"
  },
  {
    "id": 1762961946689,
    "headWord": "poet",
    "pronunciation": "'pəʊɪt",
    "definition": "诗人",
    "sentences": [
      "He was a painter and poet. - 他是一位画家兼诗人。"
    ],
    "synonyms": [
      "fili",
      "metrist"
    ],
    "createdAt": "2025-11-12T15:39:06.689Z"
  },
  {
    "id": 1762961968597,
    "headWord": "poetry",
    "pronunciation": "'pəʊɪtrɪ",
    "definition": "诗（总称）",
    "sentences": [
      "He reads a lot of poetry. - 他大量阅读诗歌。",
      "a poetry magazine - 诗歌杂志"
    ],
    "synonyms": [
      "poem",
      "verse"
    ],
    "createdAt": "2025-11-12T15:39:28.597Z"
  },
  {
    "id": 1762961977319,
    "headWord": "poem",
    "pronunciation": "'pəʊɪm",
    "definition": "诗，韵文，诗体文",
    "sentences": [
      "...a book of love poems. - …一本爱情诗集。"
    ],
    "synonyms": [
      "poetry",
      "verse"
    ],
    "createdAt": "2025-11-12T15:39:37.319Z"
  },
  {
    "id": 1762961995551,
    "headWord": "bracket",
    "pronunciation": "'brækɪt",
    "definition": "括号",
    "sentences": [
      "I think you should bracket this word. - 我认为你应该给这个字加上括号。",
      "So for example, tags like or must have a closing bracket as shown in Listing 8, taken from the above JSP. - 所以，例如，从上面的JSP接受的如或这样的标记必须有一个闭括号，如清单8 所示。"
    ],
    "synonyms": [
      "rest",
      "supporting stand",
      "eliminate",
      "exclude"
    ],
    "createdAt": "2025-11-12T15:39:55.551Z"
  },
  {
    "id": 1762962008721,
    "headWord": "pet",
    "pronunciation": "pet",
    "definition": "爱畜；宠儿a宠爱的",
    "sentences": [
      "They have two pets – a cat and a dog. - 他们有两只宠物，一只猫和一只狗。",
      "We weren’t allowed to keep pets at school. - 学校里不许我们养宠物。",
      "Rabbits make good pets . - 兔子是很好的宠物。",
      "{\"COLLOINEXA\":[\"pet food\"]} - 宠物粮食",
      "a pet shop - 宠物商店"
    ],
    "synonyms": [
      "vitality",
      "animation",
      "dote on",
      "cosset",
      "take offense",
      "take offence",
      "favorite",
      "fond"
    ],
    "createdAt": "2025-11-12T15:40:08.721Z"
  },
  {
    "id": 1762962027333,
    "headWord": "carpet",
    "pronunciation": "'kɑːpɪt",
    "definition": "在…上铺地毯，把地毯铺在…上；斥责",
    "sentences": [
      "The building has been carpeted throughout. - 大楼里上上下下都铺了地毯。"
    ],
    "synonyms": [
      "tongue",
      "be down on",
      "footcloth"
    ],
    "createdAt": "2025-11-12T15:40:27.333Z"
  },
  {
    "id": 1762962072324,
    "headWord": "compete",
    "pronunciation": "kəm'piːt",
    "definition": "竞争；比赛；对抗",
    "sentences": [
      "He will be competing in the 100-metre race. - 他将参加100米比赛。"
    ],
    "synonyms": [
      "contest",
      "war",
      "cope"
    ],
    "createdAt": "2025-11-12T15:41:12.324Z"
  }
]